City ID,City,Lat,Lng,Max Temp,Humidity,Cloudiness,Wind Speed,Country,Date
0,Kuandian,40.7286,124.7847,86.77400000000002,61,80,2.56,CN,1627101794
1,Etah,27.6333,78.6667,96.22400000000002,48,64,3.68,IN,1627101794
2,Belmonte,-15.8631,-38.8828,66.70400000000005,77,100,4.69,BR,1627101794
3,Kānker,20.2719,81.4931,74.24600000000005,92,100,4.27,IN,1627101795
4,Saint-Paul-lès-Dax,43.7272,-1.0516,62.67200000000004,97,10,1.03,FR,1627101795
5,Punta Arenas,-53.15,-70.9167,37.508,87,0,12.86,CL,1627101608
6,Butaritari,3.0707,172.7902,83.984,73,18,8.1,KI,1627101248
7,Mataura,-46.1927,168.8643,44.564000000000036,87,48,1.51,NZ,1627101428
8,Harrisburg,40.2737,-76.8844,68.14400000000008,83,1,2.06,US,1627101595
9,Hermanus,-34.4187,19.2345,47.89400000000008,60,0,4.24,ZA,1627101434
10,Mar del Plata,-38.0023,-57.5575,50.12600000000009,63,0,5.36,AR,1627101797
11,Ulladulla,-35.35,150.4667,65.67800000000007,50,51,6.29,AU,1627101700
12,Ilulissat,69.2167,-51.1,46.418000000000085,53,100,6.17,GL,1627101736
13,Cape Town,-33.9258,18.4232,48.110000000000085,88,0,3.09,ZA,1627101434
14,Zhangaözen,43.3,52.8,84.70400000000005,44,70,7.0,KZ,1627101674
15,Plácido de Castro,-10.3353,-67.1856,70.16000000000008,58,20,0.22,BR,1627101798
16,Kapaa,22.0752,-159.319,82.38200000000002,82,90,1.79,US,1627101798
17,Caravelas,-17.7125,-39.2481,69.92600000000009,67,51,3.1,BR,1627101799
18,Brae,60.3964,-1.353,53.51000000000008,94,94,2.32,GB,1627101799
19,East London,-33.0153,27.9116,43.73600000000007,87,0,4.12,ZA,1627101446
20,Kodinsk,58.6881,99.1844,84.18200000000002,32,6,2.02,RU,1627101800
21,Jega,12.2175,4.3792,74.82200000000003,88,97,3.65,NG,1627101800
22,Waseca,44.0777,-93.5074,81.71600000000001,79,40,3.6,US,1627101800
23,Grindavik,63.8424,-22.4338,55.562000000000054,100,75,7.2,IS,1627101245
24,Hobart,-42.8794,147.3294,56.26400000000003,61,75,1.79,AU,1627101243
25,Kloulklubed,7.0419,134.2556,86.50400000000005,76,100,7.49,PW,1627101801
26,Qaanaaq,77.484,-69.3632,37.832000000000015,79,84,0.61,GL,1627101362
27,Salta,-24.7859,-65.4117,55.688000000000045,71,0,1.54,AR,1627101801
28,Kaitangata,-46.2817,169.8464,51.92600000000009,69,19,3.3,NZ,1627101676
29,Omboué,-1.5746,9.2618,72.69800000000002,80,100,1.66,GA,1627101802
30,Rikitea,-23.1203,-134.9692,70.08800000000005,56,6,4.6,PF,1627101310
31,Upernavik,72.7868,-56.1549,38.498000000000026,96,95,5.56,GL,1627101244
32,Klaksvík,62.2266,-6.589,50.918000000000085,93,15,7.16,FO,1627101803
33,Airai,-8.9266,125.4092,77.66600000000001,22,72,2.45,TL,1627101440
34,Kampot,10.6167,104.1833,87.85400000000006,68,99,7.21,KH,1627101426
35,Port Alfred,-33.5906,26.891,49.51400000000003,67,36,3.61,ZA,1627101426
36,Ushuaia,-54.8,-68.3,37.05800000000001,75,40,2.57,AR,1627101244
37,Padang,-0.9492,100.3543,87.85400000000006,65,99,2.51,ID,1627101804
38,Fortuna,40.5982,-124.1573,56.08399999999999,84,1,0.45,US,1627101713
39,Pevek,69.7008,170.3133,39.992,92,93,1.94,RU,1627101350
40,Irondequoit,43.2134,-77.5797,65.53399999999999,80,1,0.0,US,1627101805
41,Hilo,19.7297,-155.09,81.28399999999999,86,90,3.6,US,1627101431
42,Galesong,-5.3166,119.3661,86.01800000000009,56,81,2.63,ID,1627101805
43,Albany,42.6001,-73.9662,61.37600000000009,90,0,1.5,US,1627101247
44,Waipawa,-41.4122,175.5153,56.030000000000044,85,0,2.67,NZ,1627101806
45,Walvis Bay,-22.9575,14.5053,65.35400000000006,9,27,8.75,,1627101806
46,Yellowknife,62.456,-114.3525,63.122000000000035,94,75,1.34,CA,1627101442
47,Cap Malheureux,-19.9842,57.6142,73.47200000000004,66,37,3.58,MU,1627101807
48,Cockburn Town,21.4612,-71.1419,81.71600000000001,82,11,9.18,TC,1627101807
49,Fort Nelson,58.8053,-122.7002,65.78600000000007,63,75,2.06,CA,1627101790
50,Saskylakh,71.9167,114.0833,57.57800000000007,67,97,6.97,RU,1627101163
51,Yinchuan,38.4681,106.2731,90.93200000000002,34,32,3.56,CN,1627101808
52,Divnomorskoye,44.5011,38.1353,74.75,53,17,4.07,RU,1627101808
53,Ribeira Grande,38.5167,-28.7,71.06000000000009,95,90,3.67,PT,1627101249
54,Tournon-sur-Rhône,45.0667,4.8333,71.25800000000001,70,91,1.76,FR,1627101808
55,Richards Bay,-28.783,32.0377,55.32800000000007,62,100,5.72,ZA,1627101809
56,Saint Paul Harbor,57.79,-152.4072,56.714000000000034,82,90,3.09,US,1627101438
57,Hasaki,35.7333,140.8333,91.292,71,5,4.32,JP,1627101445
58,Ambatondrazaka,-17.8333,48.4167,57.038000000000046,82,18,1.48,MG,1627101810
59,Jamestown,42.097,-79.2353,65.84000000000002,70,1,0.45,US,1627101429
60,Provideniya,64.3833,-173.3,52.97000000000006,80,100,3.44,RU,1627101688
61,Virginia Beach,36.8529,-75.978,74.01200000000006,82,40,0.0,US,1627101731
62,Arraial do Cabo,-22.9661,-42.0278,68.19800000000002,73,0,8.61,BR,1627101810
63,Chokurdakh,70.6333,147.9167,50.846000000000046,55,93,6.64,RU,1627101811
64,Norman Wells,65.282,-126.8329,60.83600000000007,67,75,0.0,CA,1627101433
65,São Miguel do Araguaia,-13.275,-50.1628,70.73600000000008,47,60,2.55,BR,1627101811
66,The Valley,18.217,-63.0578,80.45600000000003,82,8,10.55,AI,1627101812
67,Palu,-0.8917,119.8707,88.30400000000006,65,100,1.84,ID,1627101812
68,Laas,46.6166,10.7002,67.02800000000006,73,73,1.01,IT,1627101812
69,Bredasdorp,-34.5322,20.0403,47.28200000000002,87,0,3.6,ZA,1627101427
70,Ranong,9.9658,98.6348,85.92800000000007,84,100,5.9,TH,1627101696
71,Wamba,8.9333,8.6,70.19600000000005,97,100,0.89,NG,1627101813
72,Puerto Ayora,-0.7393,-90.3518,71.54600000000005,88,66,3.05,EC,1627101436
73,Sobolevo,54.4299,31.8996,60.8,77,45,0.91,RU,1627101813
74,Macheng,31.1783,115.0319,91.14800000000002,54,7,4.84,CN,1627101601
75,Kieta,-6.2167,155.6333,84.16400000000003,71,79,1.92,PG,1627101814
76,Urubichá,-15.3833,-62.95,67.71200000000006,56,0,0.37,BO,1627101814
77,Mana,5.6592,-53.7767,75.57800000000006,92,65,3.73,GF,1627101815
78,Bethel,41.3712,-73.414,67.49600000000005,86,1,0.0,US,1627101815
79,Guerrero Negro,27.9769,-114.0611,69.78200000000001,84,81,6.26,MX,1627101816
80,Carnarvon,-24.8667,113.6333,69.87200000000004,44,74,7.2,AU,1627101664
81,Auki,-8.7676,160.7034,84.61400000000003,69,37,0.13,SB,1627101816
82,Byron Bay,-28.65,153.6167,73.50800000000001,48,0,5.34,AU,1627101366
83,Hamilton,39.1834,-84.5333,72.37400000000001,85,1,1.54,US,1627101605
84,Chennai,13.0878,80.2785,89.58200000000002,58,20,5.14,IN,1627101592
85,Lebu,-37.6167,-73.65,48.34400000000007,82,100,3.06,CL,1627101817
86,Port Blair,11.6667,92.75,83.10200000000007,81,100,9.05,IN,1627101818
87,Cidreira,-30.1811,-50.2056,59.702000000000076,79,0,1.6,BR,1627101818
88,Nanortalik,60.1432,-45.2371,42.314000000000036,91,73,4.65,GL,1627101429
89,Verkhnevilyuysk,63.4453,120.3167,80.15,34,60,3.07,RU,1627101818
90,Nelson Bay,-32.7167,152.15,64.99400000000007,51,13,2.24,AU,1627101819
91,Atuona,-9.8,-139.0333,77.28800000000004,79,56,5.21,PF,1627101245
92,Busselton,-33.65,115.3333,60.044000000000075,66,98,6.5,AU,1627101248
93,Juneau,58.3019,-134.4197,57.2,95,90,0.45,US,1627101717
94,Tigre,-34.426,-58.5796,63.23000000000004,80,0,0.0,AR,1627101820
95,Meulaboh,4.1363,96.1285,85.19000000000003,66,96,1.33,ID,1627101798
96,Chui,-33.6971,-53.4616,57.57800000000007,91,8,2.72,UY,1627101820
97,Codrington,-38.2667,141.9667,52.12400000000001,76,31,7.28,AU,1627101820
98,Araouane,18.9048,-3.5265,86.66600000000001,44,66,2.49,ML,1627101821
99,Khatanga,71.9667,102.5,62.36600000000001,45,99,4.64,RU,1627101821
100,Okhotsk,59.3833,143.3,62.45600000000003,77,64,4.78,RU,1627101765
101,Kamloops,50.6665,-120.3192,76.19000000000003,29,75,3.6,CA,1627101541
102,Bluff,-46.6,168.3333,49.55,76,74,2.36,NZ,1627101432
103,Severo-Kuril'sk,50.6789,156.125,57.38000000000004,91,84,2.82,RU,1627101441
104,Bambous Virieux,-20.3428,57.7575,72.21200000000006,94,75,3.09,MU,1627101247
105,Ayorou,14.7308,0.9174,83.08399999999999,62,98,5.37,NE,1627101822
106,Bayir,37.2687,28.2167,73.92200000000004,45,0,2.15,TR,1627101823
107,Alyangula,-13.8483,136.4192,84.07400000000001,61,8,4.12,AU,1627101823
108,Mahébourg,-20.4081,57.7,72.24800000000002,94,75,3.09,MU,1627101428
109,Newbridge,55.9333,-3.4,58.85600000000003,98,90,1.03,GB,1627101823
110,Poronaysk,49.2167,143.1167,69.72800000000007,89,89,3.92,RU,1627101824
111,Leningradskiy,69.3833,178.4167,39.32600000000009,83,100,2.26,RU,1627101824
112,Souillac,-20.5167,57.5167,73.36400000000003,94,75,3.09,MU,1627101825
113,Chaiyaphum,15.75,102.0,74.04800000000003,94,100,9.48,TH,1627101825
114,Harper,4.375,-7.7169,75.34400000000008,74,100,2.88,LR,1627101537
115,Yulara,-25.2406,130.9889,66.03800000000004,27,72,4.63,AU,1627101825
116,Nadvoitsy,63.8667,34.3167,51.944000000000074,54,100,4.31,RU,1627101826
117,Sawtell,-30.3833,153.1,73.41800000000009,37,4,5.66,AU,1627101826
118,San Ramon,37.7799,-121.978,71.22200000000004,68,1,4.63,US,1627101740
119,Kruisfontein,-34.0033,24.7314,40.622000000000035,77,1,3.01,ZA,1627101426
120,Rørvik,64.8621,11.2373,53.978000000000065,82,98,1.82,NO,1627101827
121,Freeport,40.6576,-73.5832,73.38200000000002,72,20,0.0,US,1627101710
122,Kedrovyy,56.1667,91.8167,73.81400000000004,44,77,5.36,RU,1627101827
123,Puerto Escondido,15.85,-97.0667,80.708,76,79,3.19,MX,1627101828
124,Cherskiy,68.75,161.3,52.73600000000007,56,77,4.91,RU,1627101806
125,Tanout,14.9709,8.8879,77.0,73,29,7.13,NE,1627101828
126,Tuktoyaktuk,69.4541,-133.0374,57.2,62,75,6.17,CA,1627101444
127,Shīeli,44.1667,66.75,97.41200000000006,16,0,1.6,KZ,1627101674
128,Gemeente Wageningen,51.9667,5.6667,60.17000000000006,92,90,4.12,NL,1627101829
129,Nikolskoye,59.7035,30.7861,60.8,56,80,1.95,RU,1627101425
130,Philadelphia,39.9523,-75.1638,70.75400000000005,80,1,1.61,US,1627101562
131,Ponta do Sol,32.6667,-17.1,70.43000000000004,77,3,2.36,PT,1627101635
132,Salalah,17.0151,54.0924,77.09000000000002,100,90,5.14,OM,1627101830
133,Daru,-9.0763,143.2092,79.43000000000004,81,100,5.07,PG,1627101586
134,Xinyang,32.1228,114.0656,85.766,69,43,5.97,CN,1627101830
135,Goderich,43.7501,-81.7165,68.32400000000001,68,88,2.06,CA,1627101803
136,Poum,-20.2333,164.0167,74.80400000000006,82,0,3.14,NC,1627101831
137,Cabo San Lucas,22.8909,-109.9124,89.816,76,0,3.58,MX,1627101831
138,Hlotse,-28.8718,28.045,27.788000000000046,46,0,1.66,LS,1627101831
139,Cap-aux-Meules,47.3821,-61.8597,55.418000000000085,88,100,7.2,CA,1627101832
140,Ahipara,-35.1667,173.1667,56.62400000000001,75,3,2.02,NZ,1627101832
141,Saint George,37.1041,-113.5841,87.63800000000005,44,1,3.58,US,1627101661
142,Port Augusta,-32.5,137.7667,50.14400000000008,42,90,11.2,AU,1627101833
143,Beipiao,41.7919,120.7792,90.64400000000008,45,22,6.99,CN,1627101833
144,Rodrigues Alves,-7.738,-72.6509,67.37000000000006,69,10,0.56,BR,1627101833
145,Atikokan,48.7555,-91.6216,68.28800000000004,84,61,5.87,CA,1627101834
146,Salekhard,66.53,66.6019,64.25600000000003,50,46,4.0,RU,1627101834
147,Balkanabat,39.5108,54.3671,91.292,41,0,3.08,TM,1627101835
148,Genç,38.7507,40.5603,75.56000000000009,43,0,6.17,TR,1627101835
149,Vila Velha,-20.3297,-40.2925,64.34600000000005,88,90,2.06,BR,1627101733
150,Zhigansk,66.7697,123.3711,74.08399999999999,36,95,5.52,RU,1627101436
151,Meadow Lake,34.8014,-106.5436,69.15200000000007,59,66,1.32,US,1627101836
152,Pochutla,15.7432,-96.4661,79.82600000000009,86,98,2.25,MX,1627101836
153,Talaya,61.3833,152.75,58.17200000000004,80,100,0.84,RU,1627101836
154,Narsaq,60.9167,-46.05,50.21600000000001,77,68,1.28,GL,1627101430
155,Tianpeng,30.9866,103.9393,84.63200000000002,71,31,3.16,CN,1627101837
156,Korla,41.7597,86.1469,95.9,22,0,4.17,CN,1627101551
157,Vaini,-21.2,-175.2,80.76200000000006,89,20,2.06,TO,1627101837
158,Zeya,53.75,127.2667,73.958,93,95,2.69,RU,1627101692
159,George Town,5.4112,100.3354,87.74600000000005,66,20,3.13,MY,1627101527
160,Bafoulabé,13.8065,-10.8321,74.516,90,70,1.62,ML,1627101838
161,Longyearbyen,78.2186,15.6401,44.438000000000045,87,75,3.6,SJ,1627101839
162,Southend-on-Sea,51.5378,0.7143,64.25600000000003,91,20,0.45,GB,1627101839
163,Saint-Leu,-21.15,55.2833,72.42800000000007,48,6,0.79,RE,1627101839
164,Nhulunbuy,-12.2333,136.7667,84.81200000000005,58,41,5.14,AU,1627101686
165,Tasiilaq,65.6145,-37.6368,41.162000000000056,99,100,0.84,GL,1627101425
166,Geraldton,-28.7667,114.6,63.01400000000003,72,90,2.57,AU,1627101446
167,Pangnirtung,66.1451,-65.7125,42.51200000000006,79,50,1.67,CA,1627101745
168,Alugan,12.2188,125.4808,91.184,53,87,5.72,PH,1627101841
169,Swan River,52.1058,-101.2676,62.492,55,2,3.6,CA,1627101736
170,Novoil'insk,51.6829,108.7143,77.28800000000004,37,0,3.32,RU,1627101841
171,Laiya,13.675,121.3903,86.03600000000007,70,100,3.73,PH,1627101842
172,Yerbogachën,61.2767,108.0108,79.358,41,100,3.04,RU,1627101842
173,Khurai,24.0436,78.3319,82.13000000000004,76,100,4.12,IN,1627101842
174,Grand Gaube,-20.0064,57.6608,73.38200000000002,66,39,3.58,MU,1627101843
175,San Juan,-31.5375,-68.5364,53.22200000000004,34,1,3.57,AR,1627101737
176,Te Anau,-45.4167,167.7167,46.92200000000004,87,66,1.13,NZ,1627101843
177,Kiryat Gat,31.61,34.7642,79.91600000000001,100,66,4.5,IL,1627101844
178,Gravdal,68.1214,13.5031,52.214000000000034,98,100,7.29,NO,1627101844
179,Aklavik,68.2191,-135.0107,68.72000000000006,39,59,2.6,CA,1627101844
180,Sivaki,52.6333,126.75,81.48200000000001,58,60,3.54,RU,1627101845
181,Kumluca,36.3703,30.2869,86.14400000000008,48,0,0.26,TR,1627101845
182,Zabaykal'sk,49.6333,117.3167,75.72200000000004,43,48,6.64,RU,1627101845
183,Barrow,71.2906,-156.7887,37.418000000000085,87,90,5.66,US,1627101427
184,Duncan,34.5023,-97.9578,80.816,73,1,4.63,US,1627101846
185,Mastic Beach,40.7668,-72.8521,71.97800000000007,81,1,1.79,US,1627101847
186,Negombo,7.2083,79.8358,82.45400000000005,83,40,3.6,LK,1627101847
187,Stutterheim,-32.5708,27.424,34.43000000000004,85,14,2.42,ZA,1627101847
188,Karratha,-20.7377,116.8463,82.45400000000005,29,13,6.66,AU,1627101848
189,Bereda,43.2686,-7.5406,60.42200000000004,95,98,2.23,ES,1627101848
190,Dikson,73.5069,80.5464,43.7,87,100,15.6,RU,1627101379
191,Mackay,-21.15,149.2,86.684,45,40,4.63,AU,1627101849
192,Coahuayana Viejo,18.7333,-103.6833,78.24199999999999,94,73,0.94,MX,1627101849
193,La Ronge,55.1001,-105.2842,61.05200000000008,72,40,1.54,CA,1627101849
194,Saint-Philippe,-21.3585,55.7679,72.95,67,23,3.3,RE,1627101698
195,Namanga,-2.5433,36.7905,60.92600000000009,64,39,6.62,KE,1627101850
196,Faanui,-16.4833,-151.75,78.24199999999999,65,37,5.89,PF,1627101850
197,Shitanjing,39.2342,106.3439,85.19000000000003,41,7,7.7,CN,1627101850
198,Broken Hill,-31.95,141.4333,56.912000000000056,47,75,10.29,AU,1627101851
199,Clyde River,70.4692,-68.5914,32.233999999999995,93,1,2.06,CA,1627101851
200,Avarua,-21.2078,-159.775,75.25400000000005,73,0,3.6,CK,1627101447
201,Puerto del Rosario,28.5004,-13.8627,74.94800000000002,69,92,6.69,ES,1627101852
202,Rumonge,-3.9736,29.4386,74.516,50,97,1.49,BI,1627101852
203,Guadalupe y Calvo,26.1,-106.9667,53.47400000000001,93,20,1.4,MX,1627101852
204,Isangel,-19.55,169.2667,82.50800000000001,78,75,0.0,VU,1627101853
205,Faya,18.3851,42.4509,63.122000000000035,59,100,2.2,SA,1627101853
206,Abhā,18.2164,42.5053,62.852000000000075,77,40,0.0,SA,1627101853
207,Vardø,70.3705,31.1107,46.47200000000004,82,100,16.11,NO,1627101854
208,New Norfolk,-42.7826,147.0587,55.92200000000004,75,97,1.34,AU,1627101634
209,Port Hardy,50.6996,-127.4199,57.38000000000004,100,90,2.06,CA,1627101854
210,San Antero,9.3741,-75.7589,79.25,87,100,2.37,CO,1627101855
211,Ōfunato,39.0717,141.7167,90.55400000000006,79,75,3.0,JP,1627101855
212,Flagstaff,35.1981,-111.6513,60.332000000000015,94,90,3.58,US,1627101855
213,Sakakah,29.9697,40.2064,83.76800000000009,35,0,4.94,SA,1627101856
214,Xichang,27.8964,102.2634,81.158,68,88,0.22,CN,1627101856
215,Havre-St-Pierre,50.2334,-63.5986,55.76000000000008,100,90,1.03,CA,1627101857
216,Esperance,-33.8667,121.9,60.63800000000005,69,86,10.18,AU,1627101857
217,Tabou,4.423,-7.3528,75.27200000000003,74,100,2.83,CI,1627101858
218,Kotelnikowo,47.6317,43.1461,76.442,42,6,2.97,RU,1627101858
219,Broome,42.2506,-75.833,61.66400000000003,83,0,0.2,US,1627101858
220,Takoradze,4.8845,-1.7554,74.15600000000003,81,84,3.22,GH,1627101859
221,Usinsk,65.9939,57.5281,52.03399999999999,89,99,5.35,RU,1627101859
222,Kentville,45.0835,-64.4988,60.40400000000005,93,55,1.54,CA,1627101859
223,Alice Springs,-23.7,133.8833,63.95,27,32,3.6,AU,1627101737
224,Lavrentiya,65.5833,-171.0,51.54800000000002,74,28,3.34,RU,1627101819
225,Turaif,31.6725,38.6637,71.85200000000007,83,0,5.14,SA,1627101860
226,Aksu,41.1231,80.2644,90.23000000000005,28,0,2.06,CN,1627101860
227,Luanda,-8.8368,13.2343,69.8,88,75,1.54,AO,1627101687
228,Kurumkan,54.3,110.3,71.88800000000005,58,85,1.69,RU,1627101853
229,Tiksi,71.6872,128.8694,45.14000000000002,79,74,3.09,RU,1627101148
230,Baymak,52.5933,58.3225,65.96600000000001,77,95,3.05,RU,1627101861
231,San Quintín,30.4833,-115.95,68.88200000000002,85,72,3.64,MX,1627101862
232,Kavaratti,10.5669,72.642,81.734,83,88,8.63,IN,1627101862
233,Saint Anthony,45.0205,-93.218,84.92000000000006,74,1,1.79,US,1627101862
234,Kawalu,-7.3817,108.2082,83.13800000000005,64,65,2.54,ID,1627101863
235,Ostrovnoy,68.0531,39.5131,43.483999999999995,95,100,11.96,RU,1627101863
236,Erenhot,43.6475,111.9767,81.62600000000009,38,100,3.41,CN,1627101863
237,Yining,29.0361,114.5636,91.36400000000003,49,42,4.22,CN,1627101864
238,Kargasok,59.0556,80.8572,80.06000000000009,44,0,3.19,RU,1627101864
239,San Jose,37.3394,-121.895,69.71000000000008,70,1,4.12,US,1627101842
240,Corpus Christi,27.8006,-97.3964,84.23600000000008,87,1,2.24,US,1627101842
241,Kendari,-3.945,122.4989,86.63000000000004,54,79,1.11,ID,1627101865
242,Port Elizabeth,-33.918,25.5701,37.688000000000045,93,0,0.0,ZA,1627101135
243,Voznesen'ye,61.0106,35.4781,55.70600000000003,56,21,3.21,RU,1627101865
244,Kondinskoye,59.6481,67.41,66.50600000000003,61,100,2.02,RU,1627101866
245,Coquimbo,-29.9533,-71.3436,53.33000000000004,82,90,2.06,CL,1627101640
246,Rock Falls,41.7798,-89.689,76.98200000000001,84,1,0.0,US,1627101866
247,Iralaya,15.0,-83.2333,79.97000000000006,80,76,5.11,HN,1627101579
248,Kidal,18.4411,1.4078,82.67000000000006,57,87,8.22,ML,1627101867
249,Praia,14.9215,-23.5087,75.74000000000002,69,75,3.09,CV,1627101867
250,Nome,64.5011,-165.4064,55.16600000000001,76,90,7.72,US,1627101868
251,Pedernales,18.0384,-71.744,81.266,69,5,2.37,DO,1627101868
252,Chumikan,54.7183,135.315,60.47600000000009,90,93,4.73,RU,1627101868
253,Hecun,36.5333,114.1111,85.28000000000004,67,20,4.2,CN,1627101869
254,Thompson,55.7435,-97.8558,57.36200000000006,94,40,3.6,CA,1627101308
255,Stara Zagora,42.4328,25.6419,75.61400000000003,46,20,1.66,BG,1627101841
256,Bengkulu,-3.8004,102.2655,84.7760000000001,64,82,2.67,ID,1627101787
257,Hong Kong,22.2855,114.1577,94.24400000000007,77,5,0.45,HK,1627101159
258,Krasnyye Barrikady,46.2045,47.8535,77.0,61,0,4.0,RU,1627101870
259,Acaraú,-2.8856,-40.12,77.14400000000008,82,43,5.86,BR,1627101660
260,Comodoro Rivadavia,-45.8667,-67.5,44.45600000000003,53,0,9.26,AR,1627101870
261,Cabedelo,-6.9811,-34.8339,70.46600000000001,81,1,7.15,BR,1627101871
262,Tombouctou,20.0,-3.0,86.45,41,23,2.45,ML,1627101871
263,Hambantota,6.1241,81.1185,84.542,84,75,8.23,LK,1627101695
264,Timizart,36.8,4.2667,83.01200000000006,31,1,3.1,DZ,1627101872
265,North Bend,43.4065,-124.2243,60.872000000000035,82,1,10.29,US,1627101654
266,Banda Aceh,5.5577,95.3222,87.47600000000008,66,99,6.74,ID,1627101745
267,Sola,-13.8833,167.55,80.88800000000005,73,51,6.59,VU,1627101872
268,Sur,22.5667,59.5289,93.95600000000003,51,87,4.31,OM,1627101873
269,Nicoya,10.1483,-85.452,72.95,93,100,1.59,CR,1627101873
270,Constitución,-35.3333,-72.4167,50.18000000000004,88,78,2.95,CL,1627101689
271,North Platte,41.1239,-100.7654,80.99600000000005,64,1,3.09,US,1627101874
272,Alice,27.7523,-98.0697,82.31000000000009,92,1,4.63,US,1627101874
273,Dunedin,-45.8742,170.5036,50.81000000000008,68,11,7.15,NZ,1627101875
274,Iqaluit,63.7506,-68.5145,47.93000000000004,76,75,1.34,CA,1627101165
275,Sangīn,32.0728,64.8359,97.358,18,7,3.44,AF,1627101875
276,Kilrush,52.6397,-9.4833,58.748000000000026,94,66,2.64,IE,1627101876
277,Sheregesh,52.9209,87.9869,77.558,58,58,0.83,RU,1627101876
278,San Patricio,28.017,-97.5169,84.092,83,0,5.89,US,1627101876
279,Kirakira,-10.4544,161.9205,83.73200000000001,75,38,3.19,SB,1627101877
280,São Filipe,14.8961,-24.4956,73.47200000000004,74,10,4.27,CV,1627101877
281,Port-Gentil,-0.7193,8.7815,74.76800000000009,78,100,3.92,GA,1627101877
282,Egvekinot,66.3167,-179.1667,47.570000000000064,89,100,2.58,RU,1627101878
283,Ganzhou,28.8184,115.4327,88.50200000000008,61,47,7.42,CN,1627101878
284,Benjamin Constant,-4.3831,-70.0311,75.32600000000009,78,69,0.58,BR,1627101878
285,Kalmunai,7.4167,81.8167,90.06800000000008,49,81,3.06,LK,1627101879
286,Qasigiannguit,68.8193,-51.1922,46.65200000000008,82,100,3.58,GL,1627101879
287,Adrar,20.5022,-10.0711,84.70400000000005,25,46,3.73,MR,1627101798
288,Tra Vinh,9.9347,106.3453,91.81400000000004,51,79,6.53,VN,1627101880
289,Sittwe,20.15,92.9,84.99199999999999,80,99,5.93,MM,1627101880
290,Khovd,48.0056,91.6419,82.67000000000006,23,5,0.25,MN,1627101799
291,Bathsheba,13.2167,-59.5167,81.21200000000006,83,75,6.17,BB,1627101880
292,Inhambane,-23.865,35.3833,61.17800000000007,76,82,5.32,MZ,1627101881
293,Verkhnyaya Toyma,62.2349,44.9985,49.280000000000044,69,33,3.51,RU,1627101881
294,Ancud,-41.8697,-73.8203,35.13200000000002,83,1,3.5,CL,1627101861
295,Sharjah city,25.3573,55.4033,100.56200000000005,33,0,4.63,AE,1627101806
296,Oksovskiy,62.6062,39.8984,52.088000000000044,53,100,3.07,RU,1627101882
297,Noumea,-22.2763,166.4572,80.58200000000002,81,12,3.18,NC,1627101883
298,Havøysund,70.9963,24.6622,47.28200000000002,97,100,11.51,NO,1627101883
299,Kaili,-3.4626,120.2147,76.60400000000006,60,99,1.95,ID,1627101883
300,Smolenka,52.1352,113.4974,66.27200000000003,68,75,2.0,RU,1627101884
301,Teguise,29.0605,-13.564,68.21600000000001,78,0,11.32,ES,1627101884
302,Pointe Michel,15.25,-61.3833,79.28600000000007,86,82,5.94,DM,1627101884
303,Maryanskaya,45.1044,38.6395,71.15,84,4,1.38,RU,1627101885
304,Dori,14.0354,-0.0345,78.674,70,93,5.74,BF,1627101885
305,Tautira,-17.7333,-149.15,78.81800000000008,66,3,3.6,PF,1627101885
306,San Cristobal,7.7669,-72.225,65.82200000000003,98,90,1.46,VE,1627101886
307,Chapais,49.7834,-74.8492,55.18399999999999,72,29,1.43,CA,1627101886
308,Brigantine,39.4101,-74.3646,73.99400000000007,88,20,0.0,US,1627101886
309,Oktyabr'skoye,43.0645,44.7417,62.74400000000007,100,100,4.0,RU,1627101887
310,Abu Samrah,35.3029,37.1841,77.54000000000002,63,0,4.03,SY,1627101887
311,Burgstädt,50.9167,12.8167,65.066,91,16,1.58,DE,1627101888
312,Hithadhoo,-0.6,73.0833,81.266,73,70,0.97,MV,1627101445
313,Kahului,20.8947,-156.47,80.61800000000008,80,40,10.29,US,1627101625
314,São João da Barra,-21.6403,-41.0511,66.07400000000001,72,16,2.33,BR,1627101888
315,Prince Rupert,54.3161,-130.3201,55.49000000000002,94,90,3.09,CA,1627101682
316,Casper,42.8666,-106.3131,72.71600000000001,31,1,2.24,US,1627101625
317,Mokhsogollokh,61.4681,128.9203,60.08000000000004,97,100,4.67,RU,1627101889
318,Haines Junction,60.7522,-137.5108,60.74600000000005,51,38,6.17,CA,1627101889
319,Oistins,13.0667,-59.5333,80.69000000000003,83,75,6.17,BB,1627101816
320,Lompoc,34.6391,-120.4579,65.10200000000007,90,90,2.06,US,1627101890
321,Vestmannaeyjar,63.4427,-20.2734,53.27600000000009,98,100,7.12,IS,1627101890
322,Lüderitz,-26.6481,15.1594,60.944000000000074,26,12,8.06,,1627101891
323,Itarema,-2.9248,-39.9167,77.21600000000001,81,38,5.8,BR,1627101891
324,Baie-Comeau,49.2168,-68.1489,66.2,100,90,1.54,CA,1627101891
325,Mount Gambier,-37.8333,140.7667,44.51000000000008,93,90,8.23,AU,1627101424
326,Roşia,45.8167,24.3167,61.088000000000044,88,0,1.03,RO,1627101892
327,Dalby,-27.1833,151.2667,63.98600000000007,48,1,1.79,AU,1627101892
328,Leer,8.3018,30.1418,73.14800000000002,91,96,1.54,SS,1627101892
329,Abu Kamal,34.4506,40.9171,88.77200000000003,38,0,6.27,SY,1627101893
330,Shorap’ani,42.0898,43.0866,67.58600000000007,82,80,0.63,GE,1627101893
331,Taltal,-25.4,-70.4833,55.38200000000002,83,76,1.51,CL,1627101679
332,Shimoda,34.6667,138.95,86.36000000000008,70,6,4.02,JP,1627101799
333,Veseloyarsk,51.2836,81.1056,76.26200000000006,59,96,1.51,RU,1627101894
334,Tura,25.5198,90.2201,75.25400000000005,95,92,2.9,IN,1627101610
335,Sept-Îles,50.2001,-66.3821,58.04600000000005,92,40,1.03,CA,1627101895
336,Saint-Paul,-21.0096,55.2707,73.49000000000002,47,6,0.26,RE,1627101895
337,Lagoa,39.05,-27.9833,69.96200000000006,94,96,5.73,PT,1627101895
338,Bonfim,3.0833,-59.95,75.68600000000006,89,100,1.53,BR,1627101896
339,Kaura Namoda,12.5898,6.5779,73.13000000000004,89,90,4.88,NG,1627101896
340,Pedra Branca,-5.4542,-39.7172,66.86600000000001,69,39,2.36,BR,1627101896
341,Pimentel,-6.8367,-79.9342,64.99400000000007,83,81,0.89,PE,1627101897
342,Nizhniy Kuranakh,58.8353,125.4869,59.342,99,100,1.51,RU,1627101440
343,San Miguel Ixtahuacán,15.25,-91.75,56.15600000000003,96,92,1.84,GT,1627101897
344,Arlit,18.7369,7.3853,82.77800000000006,55,55,5.75,NE,1627101898
345,Kencong,-8.2833,113.3667,84.38000000000004,55,2,4.12,ID,1627101898
346,Tromsø,69.6496,18.957,49.37000000000006,87,75,0.45,NO,1627101898
347,San Policarpo,12.1791,125.5072,91.34600000000005,53,84,6.03,PH,1627101899
348,Aloleng,16.1307,119.7824,83.28200000000001,84,100,10.31,PH,1627101899
349,Shirakawa,37.1223,140.2376,82.77800000000006,76,61,2.56,JP,1627101899
350,Bucerías,20.75,-105.3333,77.99000000000002,93,74,1.77,MX,1627101900
351,Jijiga,9.35,42.8,60.13399999999999,90,100,7.91,ET,1627101900
352,Skjervøy,70.0311,20.9714,49.1,86,100,6.28,NO,1627101900
353,Marawi,7.9986,124.2928,84.45200000000008,49,23,3.93,PH,1627101901
354,Torbay,47.6666,-52.7314,58.478000000000065,97,90,1.54,CA,1627101901
355,Cuxhaven,53.8718,8.6909,55.291999999999994,87,7,4.49,DE,1627101667
356,Florø,61.5996,5.0328,58.964000000000034,100,90,1.03,NO,1627101902
357,Saint-Pierre,-21.3393,55.4781,73.04000000000002,52,0,2.57,RE,1627101902
358,Leopoldov,48.4458,17.7646,67.94600000000005,64,0,1.74,SK,1627101904
359,Talnakh,69.4865,88.3972,67.96400000000003,81,100,8.72,RU,1627101905
360,Priargunsk,50.3691,119.1012,74.3,56,66,4.78,RU,1627101905
361,Olafsvik,64.8945,-23.7142,52.25,98,100,4.26,IS,1627101897
362,Kewanee,41.2456,-89.9248,76.316,94,1,3.71,US,1627101905
363,Mutare,-18.9707,32.6709,46.004000000000055,84,76,1.56,ZW,1627101906
364,Cayenne,4.9333,-52.3333,80.09600000000005,86,20,0.0,GF,1627101740
365,Joensuu,62.6012,29.7632,58.26200000000006,69,0,4.12,FI,1627101906
366,Saldanha,-33.0117,17.9442,37.45400000000005,54,2,4.19,ZA,1627101820
367,Gijang,35.2442,129.2139,91.13000000000004,73,100,5.75,KR,1627101677
368,Pulandian,39.3953,121.9669,89.72600000000008,52,27,3.53,CN,1627101678
369,Yar-Sale,66.8333,70.8333,60.76400000000003,53,4,3.95,RU,1627101907
370,Jām Sāhib,26.2958,68.6292,89.61800000000008,55,100,3.9,PK,1627101908
371,Mossamedes,-15.1961,12.1522,64.27400000000002,78,0,1.6,AO,1627101908
372,Villa Bruzual,9.3328,-69.1208,72.42800000000007,98,100,1.22,VE,1627101908
373,Muros,42.7762,-9.0603,65.08399999999999,91,27,2.02,ES,1627101909
374,Makubetsu,45.3714,141.8211,83.91200000000006,65,40,6.17,JP,1627101909
375,Sungai Raya,0.7,108.9,89.00600000000003,60,81,4.84,ID,1627101909
376,Warud,21.4667,78.2667,75.7760000000001,88,100,3.85,IN,1627101910
377,Leshan,29.5623,103.7639,86.48600000000008,73,40,1.33,CN,1627101910
378,Mehamn,71.0357,27.8492,45.57200000000004,90,100,13.43,NO,1627101910
379,Buin,-33.7333,-70.75,50.05400000000005,89,85,0.85,CL,1627101911
380,Carutapera,-1.195,-46.02,74.96600000000001,91,8,2.75,BR,1627101911
381,Lábrea,-7.2586,-64.7981,73.23800000000004,58,27,0.48,BR,1627101912
382,Kuldīga,56.974,21.9572,56.89400000000008,71,8,0.79,LV,1627101912
383,Smithers,54.7804,-127.1743,57.524000000000015,94,75,2.57,CA,1627101706
384,Nakusp,50.2499,-117.8023,64.74199999999999,48,5,0.51,CA,1627101913
385,Caraquet,47.7941,-64.9386,59.57600000000009,93,100,1.3,CA,1627101913
386,Port Hawkesbury,45.6169,-61.3485,59.59400000000007,96,10,1.34,CA,1627101914
387,Huarmey,-10.0681,-78.1522,63.464000000000034,86,37,3.84,PE,1627101662
388,Bambanglipuro,-7.95,110.2833,84.308,59,8,6.66,ID,1627101914
389,Lethem,3.3803,-59.7968,74.71400000000003,92,100,1.65,GY,1627101915
390,Zhalantun,48.0,122.7167,80.45600000000003,69,100,3.3,CN,1627101915
391,Avera,33.194,-82.5271,80.25800000000001,70,7,3.17,US,1627101916
392,Eyemouth,55.8713,-2.0901,59.03600000000007,85,44,0.89,GB,1627101916
393,Buala,-8.145,159.5921,83.82200000000003,72,58,1.25,SB,1627101759
394,Keningau,5.3378,116.1602,86.45,44,86,2.47,MY,1627101916
395,Kongolo,-5.3833,27.0,71.96000000000008,41,13,2.28,CD,1627101917
396,Simao,22.7886,100.9748,77.93600000000006,78,91,1.06,CN,1627101917
397,High Level,58.5169,-117.136,68.108,64,75,1.54,CA,1627101918
398,Boende,-0.2167,20.8667,74.44400000000007,75,99,1.18,CD,1627101918
399,Sabro,56.2133,10.0344,57.596000000000046,91,0,0.64,DK,1627101918
400,Cravo Norte,6.3017,-70.2041,72.80600000000003,91,99,1.23,CO,1627101919
401,Elko,41.0002,-115.5012,84.21800000000009,19,89,4.76,US,1627101699
402,Cangzhou,38.3167,116.8667,92.10200000000007,49,6,1.75,CN,1627101919
403,Kavieng,-2.5744,150.7967,85.35200000000007,69,89,6.14,PG,1627101920
404,Gambo,4.6482,22.2633,69.58399999999999,91,90,0.42,CF,1627101920
405,Kotma,23.2,81.9667,78.29600000000005,85,100,2.02,IN,1627101920
406,Porto Recanati,43.4365,13.6613,75.97400000000002,78,17,1.65,IT,1627101921
407,Monroe,43.1501,-77.6831,64.958,82,1,0.0,US,1627101734
408,Itaguaí,-22.8522,-43.7753,65.58800000000005,82,0,2.57,BR,1627101921
409,Malanje,-9.5402,16.341,56.174000000000014,34,27,2.23,AO,1627101922
410,Ouadda,8.0777,22.4007,66.25400000000005,94,31,1.49,CF,1627101922
411,‘Āhuimanu,21.4447,-157.8378,83.91200000000006,66,40,5.14,US,1627101922
412,Gornopravdinsk,60.05,69.9,58.78399999999999,85,100,1.94,RU,1627101861
413,Varhaug,58.6147,5.6457,58.55,86,1,1.84,NO,1627101923
414,Laguna,38.421,-121.4238,89.43800000000005,43,1,3.6,US,1627101865
415,Makakilo City,21.3469,-158.0858,82.72400000000002,62,20,5.66,US,1627101923
416,Dingle,10.9995,122.6711,86.684,68,100,9.13,PH,1627101924
417,Verāval,20.9,70.3667,83.73200000000001,82,95,8.78,IN,1627101924
418,Dicabisagan,17.0818,122.4157,87.22400000000002,63,100,2.52,PH,1627101924
419,Tabuk,17.4189,121.4443,81.41000000000008,83,100,2.61,PH,1627101925
420,Half Moon Bay,37.4636,-122.4286,69.74600000000005,84,1,0.0,US,1627101925
421,Malbork,54.0359,19.0266,64.86800000000008,87,4,1.41,PL,1627101926
422,Labuhan,-6.8844,112.2051,86.61200000000005,56,7,3.1,ID,1627101926
423,Alta Floresta,-9.8756,-56.0861,68.61200000000005,52,15,1.6,BR,1627101926
424,Tomatlán,19.9333,-105.25,78.17000000000006,96,91,1.46,MX,1627101927
425,Otradnoye,59.7775,30.8181,61.97000000000006,56,74,1.94,RU,1627101927
426,Sechura,-5.5569,-80.8222,64.88600000000007,80,1,4.88,PE,1627101927
427,Jackson,42.4165,-122.8345,84.07400000000001,23,1,3.6,US,1627101749
428,Fairbanks,64.8378,-147.7164,68.59400000000008,87,90,0.0,US,1627101831
429,Behshahr,36.6923,53.5526,85.94600000000005,54,4,4.74,IR,1627101928
430,Vila Franca do Campo,37.7167,-25.4333,70.21400000000003,95,92,2.7,PT,1627101929
431,Gizo Government Station,-8.103,156.8419,84.18200000000002,68,85,0.82,SB,1627101929
432,Teya,60.3778,92.6267,83.37200000000004,31,4,2.33,RU,1627101742
433,Petropavlovsk-Kamchatskiy,53.0452,158.6483,72.19400000000007,56,75,3.0,RU,1627101835
434,Taoudenni,22.6783,-3.9836,93.05600000000003,28,12,2.85,ML,1627101930
435,Ciudad Bolivar,8.1222,-63.5497,76.69400000000007,90,100,3.55,VE,1627101930
436,Ubaitaba,-14.3125,-39.3233,63.37400000000001,84,58,1.23,BR,1627101931
437,Kholodnyy,62.7167,147.95,67.17200000000004,53,100,2.24,RU,1627101931
438,Kutum,14.2,24.6667,72.46400000000003,72,100,4.9,SD,1627101931
439,Verkhnyaya Sinyachikha,57.976,61.6673,69.96200000000006,51,100,1.1,RU,1627101932
440,Safford,32.834,-109.7076,79.05200000000008,69,1,6.17,US,1627101932
441,Akşehir,38.3575,31.4164,65.48000000000005,65,0,2.65,TR,1627101932
442,Develi,38.3906,35.4922,58.352000000000075,50,1,0.95,TR,1627101856
443,Moorhead,46.8739,-96.7676,82.27400000000002,81,20,4.63,US,1627101723
444,Soyo,-6.1349,12.3689,68.558,89,25,1.46,AO,1627101933
445,Oranjemund,-28.55,16.4333,55.52600000000009,29,6,7.81,,1627101933
446,Kangāvar,34.5043,47.9653,78.27800000000006,23,0,0.76,IR,1627101934
447,La Trinidad,16.455,120.5875,65.516,98,100,2.55,PH,1627101934
448,La Paz,-16.5,-68.15,46.38200000000002,52,75,3.09,BO,1627101899
449,Mumford,5.2618,-0.759,74.55200000000008,80,28,3.77,GH,1627101935
450,Duku,11.2361,4.9073,71.2760000000001,94,97,1.8,NG,1627101935
451,Tokur,53.1333,132.9,80.99600000000005,49,57,5.48,RU,1627101935
452,Vung Tau,10.346,107.0843,87.89000000000001,63,70,8.06,VN,1627101641
453,Svetlaya,46.5389,138.3297,77.09000000000002,77,94,3.82,RU,1627101936
454,Aswān,24.0934,32.907,87.09800000000003,26,0,2.06,EG,1627101936
455,Riyadh,24.6877,46.7219,91.54400000000007,18,21,1.82,SA,1627101937
456,Annau,37.8876,58.516,90.89600000000004,35,0,5.14,TM,1627101937
457,Dongsheng,39.8161,109.9776,80.47400000000002,41,3,7.56,CN,1627101937
458,Grandview,38.8858,-94.533,80.06000000000009,85,1,2.06,US,1627101734
459,Progreso,21.2833,-89.6667,80.708,88,84,4.72,MX,1627101938
460,Oktyabr'skiy,54.4815,53.471,72.5,39,40,2.74,RU,1627101938
461,Kefamenanu,-9.4467,124.4781,89.31200000000005,21,82,4.81,ID,1627101939
462,Samsun Province,41.25,36.3333,74.984,50,75,6.69,TR,1627101939
463,Indramayu,-6.3264,108.32,86.32400000000001,60,21,5.69,ID,1627101939
464,Baisha,26.5222,110.9311,88.34000000000002,61,91,2.23,CN,1627101940
465,Porto-Novo,6.4965,2.6036,78.62000000000006,82,61,2.3,BJ,1627101940
466,Bartlesville,36.7473,-95.9808,83.10200000000007,88,1,0.0,US,1627101940
467,Bolkhov,53.4433,36.0044,62.34800000000003,68,11,3.42,RU,1627101941
468,Hofn,64.2539,-15.2082,53.312000000000054,99,100,2.43,IS,1627101941
469,Jiuquan,39.7432,98.5174,88.91600000000001,27,24,10.98,CN,1627101941
470,Snyder,32.7179,-100.9176,85.51400000000004,51,1,4.63,US,1627101942
471,Treinta y Tres,-33.2333,-54.3833,57.86600000000001,83,8,1.81,UY,1627101942
472,Tiznit Province,29.5833,-9.5,91.63399999999999,17,60,8.4,MA,1627101646
473,Dhidhdhoo,6.8833,73.1,81.93200000000002,78,98,5.19,MV,1627101943
474,Assiut,27.181,31.1837,78.98000000000005,36,0,4.37,EG,1627101943
475,Marsá Maţrūḩ,31.3525,27.2453,77.19800000000002,69,0,3.6,EG,1627101943
476,Camacha,33.0833,-16.3333,66.95600000000003,83,20,5.14,PT,1627101944
477,Port Lincoln,-34.7333,135.8667,52.82600000000009,74,59,16.71,AU,1627101842
478,Māndal,25.45,74.5667,88.37600000000009,54,29,3.3,IN,1627101944
479,Aktash,50.3,87.7333,60.76400000000003,62,97,1.93,RU,1627101944
480,Cam Ranh,11.9214,109.1591,91.36400000000003,55,75,4.12,VN,1627101945
481,Awjilah,29.1081,21.2869,76.892,47,0,4.07,LY,1627101945
482,Ambulu,-8.345,113.6058,86.39600000000004,50,4,4.8,ID,1627101946
483,Castrillón,43.3979,-6.7922,60.20600000000003,80,46,2.74,ES,1627101946
484,Portland,45.5234,-122.6762,78.78200000000001,56,20,0.45,US,1627101635
485,Portsmouth,50.799,-1.0913,63.96800000000009,90,100,2.68,GB,1627101673
486,Santa Cruz de la Sierra,-17.8,-63.1667,69.26000000000008,83,0,3.09,BO,1627101900
487,Ibrā’,22.6906,58.5334,89.43800000000005,51,81,0.58,OM,1627101947
488,Ginda,30.6945,78.4932,78.40400000000005,69,15,2.58,IN,1627101947
489,Podgornoye,51.735,39.1496,66.41600000000001,68,0,2.0,RU,1627101948
490,Najrān,17.4924,44.1277,72.24800000000002,43,100,2.35,SA,1627101948
491,Bet Shemesh,31.7496,34.9888,78.09800000000003,100,59,5.31,IL,1627101948
492,Joshīmath,30.5667,79.5667,81.98600000000008,68,64,3.02,IN,1627101949
493,San Jerónimo,-11.9472,-75.2829,43.7,74,2,1.33,PE,1627101949
494,Katsuura,35.1333,140.3,91.50800000000001,69,16,4.48,JP,1627101949
495,Fomboni,-12.28,43.7425,77.77400000000002,75,2,11.9,KM,1627101950
496,La Crosse,43.8014,-91.2396,84.12800000000007,77,1,3.09,US,1627101950
497,Filingué,14.3521,3.3168,80.11400000000003,70,100,6.66,NE,1627101951
498,Palizada,18.25,-92.0833,76.55,93,100,0.97,MX,1627101951
499,Sinnamary,5.3833,-52.95,76.85600000000002,89,53,5.12,GF,1627101951
500,Maceió,-9.6658,-35.7353,71.042,94,75,1.54,BR,1627101952
501,Gorin,51.1983,136.6669,95.342,40,32,3.12,RU,1627101952
502,Hualmay,-11.0964,-77.6139,62.51000000000008,84,26,3.84,PE,1627101953
503,Suriāpet,17.15,79.6167,84.95600000000003,66,99,7.18,IN,1627101953
504,Portage,41.1667,-81.1998,70.52000000000007,84,75,0.0,US,1627101953
505,Ţahţā,26.7693,31.5021,82.72400000000002,32,0,3.36,EG,1627101954
506,Sterling,39.0062,-77.4286,70.97000000000006,78,40,0.0,US,1627101954
507,Ayan,56.45,138.1667,59.18000000000004,90,72,5.18,RU,1627101954
508,Ylöjärvi,61.5563,23.5961,55.49000000000002,76,0,0.51,FI,1627101955
509,Conceição do Araguaia,-8.2578,-49.2647,73.5260000000001,68,0,1.03,BR,1627101955
510,Siniscola,40.5719,9.6922,65.75,53,4,0.86,IT,1627101955
511,Esim,4.8699,-2.2405,75.34400000000008,81,95,3.52,GH,1627101834
512,Husavik,66.0449,-17.3389,60.71000000000008,86,89,5.53,IS,1627101956
513,Ixtapa,20.7,-105.2,77.234,93,86,1.85,MX,1627101956
514,Mezen',65.8522,44.24,43.682000000000016,88,100,4.8,RU,1627101957
515,Jining,35.405,116.5814,91.02200000000003,47,33,2.55,CN,1627101957
516,Selfoss,63.9331,-20.9971,55.291999999999994,99,100,4.06,IS,1627101957
517,Codajás,-3.8367,-62.0569,73.45400000000005,90,54,0.82,BR,1627101958
518,Castaños,26.7833,-101.4167,83.33600000000007,57,19,1.32,MX,1627101958
519,Ormara,25.2088,64.6357,82.85,81,99,3.67,PK,1627101958
520,Kamenka,51.3223,42.7678,69.06200000000005,52,4,3.58,RU,1627101959
521,Malé,4.1748,73.5089,84.14600000000004,79,75,4.63,MV,1627101959
522,Negara,-8.3151,114.6025,83.642,57,3,4.19,ID,1627101960
523,Baruun-Urt,46.6806,113.2792,83.42600000000009,37,29,4.45,MN,1627101715
524,Marabu,4.4148,114.0089,89.74400000000007,62,40,4.63,MY,1627101960
525,Raudeberg,61.9875,5.1352,57.86600000000001,95,25,2.03,NO,1627101960
526,Rocha,-34.4833,-54.3333,56.768000000000086,87,53,1.57,UY,1627101809
527,Presidencia Roque Sáenz Peña,-26.7852,-60.4388,63.68000000000004,45,0,3.03,AR,1627101961
528,Nikki,9.9401,3.2108,69.63800000000005,96,100,3.39,BJ,1627101962
529,Bilāspur,22.0833,82.15,78.81800000000008,88,100,5.56,IN,1627101962
530,San Vicente de Cañete,-13.0751,-76.3835,61.16000000000008,88,51,2.85,PE,1627101962
531,Beringovskiy,63.05,179.3167,52.538000000000046,88,100,2.78,RU,1627101963
532,Hobyo,5.3505,48.5268,79.26800000000009,72,17,13.43,SO,1627101963
533,Vaitape,-16.5167,-151.75,78.24199999999999,65,37,5.85,PF,1627101964
534,Atambua,-9.1061,124.8925,84.95600000000003,34,77,0.19,ID,1627101964
535,Lorengau,-2.0226,147.2712,83.80400000000006,78,95,4.38,PG,1627101964
536,Phalombe,-15.8064,35.6507,55.86800000000009,81,99,2.98,MW,1627101965
537,Zarand,30.8127,56.564,89.79800000000003,12,7,1.75,IR,1627101804
538,Honningsvåg,70.9821,25.9704,45.842,92,100,13.33,NO,1627101965
539,Manta,-0.95,-80.7333,73.184,83,90,3.6,EC,1627101966
540,Qujing,25.4833,103.7833,76.85600000000002,61,91,1.5,CN,1627101966
541,Gela,37.0803,14.2307,82.13000000000004,58,0,0.97,IT,1627101912
542,Sitka,57.0531,-135.33,55.291999999999994,88,90,1.54,US,1627101967
543,Vostok,46.4856,135.8833,89.87000000000006,44,98,2.96,RU,1627101967
544,Bariloche,-41.1456,-71.3082,29.948000000000025,55,0,3.09,AR,1627101967
545,Deputatsky,69.3,139.9,65.93000000000004,45,64,4.65,RU,1627101952
546,Helong,42.5397,128.9972,95.28800000000004,37,84,3.1,CN,1627101968
547,Shaunavon,49.6501,-108.4181,63.932000000000016,25,4,3.08,CA,1627101968
548,Coyhaique,-45.5752,-72.0662,35.54600000000005,87,75,3.6,CL,1627101947
549,Natal,-5.795,-35.2094,74.04800000000003,83,75,4.63,BR,1627101969
550,Bashtanka,47.4072,32.4387,64.07600000000009,56,0,2.94,UA,1627101969
551,Arman',59.7,150.1667,58.56800000000008,82,70,3.18,RU,1627101969
552,Tingo María,-9.2895,-76.0088,65.96600000000001,89,3,0.91,PE,1627101970
553,Eyl,7.9803,49.8164,79.55600000000003,63,73,13.38,SO,1627101970
554,Ishigaki,24.3448,124.1572,80.72600000000008,94,75,9.26,JP,1627101971
555,Adamantas,36.7333,24.4333,74.62400000000001,66,0,11.58,GR,1627101971
556,Ikornnes,62.3873,6.557,58.33399999999999,75,50,0.42,NO,1627101971
557,Lushoto,-4.7833,38.2833,54.788000000000046,73,5,3.4,TZ,1627101972
558,Chichihualco,17.6833,-99.65,64.14800000000002,78,10,0.99,MX,1627101972
559,Fray Bentos,-33.1325,-58.2956,60.728000000000065,75,80,1.99,UY,1627101972
560,Sibolga,1.7427,98.7792,86.18000000000004,62,94,1.89,ID,1627101973
561,Berlevåg,70.8578,29.0864,45.57200000000004,84,100,15.49,NO,1627101973
562,Ordu,40.9086,37.6845,63.104000000000056,87,93,2.35,TR,1627101973
563,Anking,30.5092,117.0506,82.65200000000007,69,34,7.99,CN,1627101974
564,Borovskoy,53.8,64.15,75.092,70,97,3.37,KZ,1627101974
565,Oussouye,12.485,-16.5469,74.62400000000001,78,100,2.05,SN,1627101975
566,Bolshaya Glushitsa,50.2406,43.5908,72.33800000000005,44,0,2.94,RU,1627101975
567,Koslan,63.4564,48.8989,50.378000000000064,57,25,3.92,RU,1627101975
